item_id,product_name
101,Baseball Cap
102,Bluetooth Speaker
103,Noise Cancelling Headphones
104,Drone with Camera
105,Robotic Vacuum
106,Gaming Mouse
107,Standing Desk
108,Smart Sunglasses
109,Bluetooth Speaker
110,Puzzle Cube
111,Portable Projector
112,Smart LED Bulb
113,Gaming Console
114,Smart Notebook
115,Smartwatch
116,Portable Charger
117,Webcam
118,Resistance Bands
119,Portable Charger
120,Winter Gloves
121,Air Purifier
122,Webcam
123,Leather Handbag
124,Leather Handbag
125,Cycling Helmet
126,Wireless Headphones
127,Punching Bag
128,Winter Gloves
129,Board Game
130,Running Shoes
131,Sports Water Bottle
132,Sports Water Bottle
133,Cordless Vacuum
134,Laptop Cooling Pad
135,Treadmill
136,Noise Cancelling Headphones
137,External Hard Drive
138,Building Blocks Set
139,Smart LED Bulb
140,Resistance Bands
141,Microwave Oven
142,Educational Robot
143,Denim Jacket
144,4K Monitor
145,Electric Kettle
146,Treadmill
147,Mechanical Keyboard
148,4K Monitor
149,Leather Wallet
150,Induction Cooktop
151,Remote Control Car
152,Dumbbells Set
153,Mechanical Keyboard
154,Standing Desk
155,Standing Desk
156,Standing Desk
157,Mini Refrigerator
158,Air Purifier
159,Building Blocks Set
160,Kids' Scooter
161,Gaming Mouse
162,Noise Cancelling Headphones
163,Bluetooth Speaker
164,Robotic Vacuum
165,Coffee Maker
166,Dumbbells Set
167,Standing Desk
168,Action Figures
169,VR Headset
170,Foam Roller
171,VR Headset
172,Robotic Vacuum
173,Smart Sunglasses
174,Wireless Mouse
175,Cycling Helmet
176,Treadmill
177,Wireless Mouse
178,Microwave Oven
179,Cordless Vacuum
180,Electric Kettle
181,Standing Desk
182,Resistance Bands
183,Standing Desk
184,Treadmill
185,Fitness Band
186,Microwave Oven
187,Cycling Helmet
188,Winter Gloves
189,4K Monitor
190,Running Shoes
191,Building Blocks Set
192,Coffee Maker
193,Whiteboard Markers
194,Wireless Headphones
195,Instant Water Heater
196,VR Headset
197,VR Headset
198,Formal Watch
199,Board Game
200,Formal Watch
201,VR Headset
202,Dumbbells Set
203,Ergonomic Chair
204,Laptop Cooling Pad
205,Board Game
206,Noise Cancelling Earbuds
207,Sports Water Bottle
208,Cycling Helmet
209,Bluetooth Speaker
210,Punching Bag
211,Skipping Rope
212,Ergonomic Chair
213,VR Headset
214,Cotton T-shirt
215,External Hard Drive
216,Webcam
217,VR Headset
218,Smart Sunglasses
219,Desk Organizer
220,Baseball Cap
221,Portable Charger
222,Puzzle Cube
223,Whiteboard Markers
224,VR Headset
225,Noise Cancelling Headphones
226,Building Blocks Set
227,Skipping Rope
228,Electric Kettle
229,Webcam
230,Coffee Maker
231,Board Game
232,Electric Kettle
233,Hiking Backpack
234,Mini Refrigerator
235,Skipping Rope
236,Running Shoes
237,Portable Projector
238,Microwave Oven
239,Robotic Vacuum
240,Cotton T-shirt
241,Electric Kettle
242,Smart Notebook
243,Webcam
244,Portable Charger
245,Fitness Band
246,Wireless Mouse
247,Action Figures
248,Educational Robot
249,Yoga Mat
250,Laptop Cooling Pad
251,Mini Refrigerator
252,Desk Organizer
253,Robotic Vacuum
254,Smart Notebook
255,Punching Bag
256,Remote Control Car
257,Noise Cancelling Headphones
258,Cycling Helmet
259,Air Purifier
260,Cycling Helmet
261,Portable Projector
262,Smart Sunglasses
263,Action Figures
264,Air Purifier
265,Running Shoes
266,Sports Water Bottle
267,Cycling Helmet
268,Gaming Console
269,Wireless Mouse
270,Laptop Cooling Pad
271,Electric Kettle
272,Robotic Vacuum
273,Building Blocks Set
274,Smartwatch
275,Formal Watch
276,VR Headset
277,Smart Notebook
278,Formal Watch
279,Yoga Mat
280,Gaming Console
281,External Hard Drive
282,Electric Kettle
283,Smart LED Bulb
284,Mechanical Keyboard
285,External Hard Drive
286,Multi-Function Printer
287,Wireless Mouse
288,Instant Water Heater
289,VR Headset
290,Fitness Band
291,Ergonomic Chair
292,Coffee Maker
293,External Hard Drive
294,Baseball Cap
295,Portable Charger
296,Smartwatch
297,Robotic Vacuum
298,Resistance Bands
299,Drone with Camera
300,Air Purifier
301,Portable Charger
302,Multi-Function Printer
303,Board Game
304,Punching Bag
305,Noise Cancelling Headphones
306,Resistance Bands
307,Formal Watch
308,Cordless Vacuum
309,Punching Bag
310,Noise Cancelling Earbuds
311,Coffee Maker
312,Smart Sunglasses
313,Smart Notebook
314,Punching Bag
315,Puzzle Cube
316,Board Game
317,Gaming Console
318,Denim Jacket
319,Whiteboard Markers
320,Cotton T-shirt
321,Gaming Mouse
322,Smartwatch
323,Electric Kettle
324,Smartwatch
325,Gaming Mouse
326,Action Figures
327,Yoga Mat
328,Yoga Mat
329,Bluetooth Speaker
330,Noise Cancelling Headphones
331,Noise Cancelling Headphones
332,Leather Wallet
333,Remote Control Car
334,Yoga Mat
335,Denim Jacket
336,Portable Charger
337,Instant Water Heater
338,Yoga Mat
339,Ergonomic Chair
340,Ergonomic Chair
341,Wireless Headphones
342,Bluetooth Speaker
343,Drone with Camera
344,Remote Control Car
345,Mechanical Keyboard
346,Mini Refrigerator
347,Cotton T-shirt
348,Kids' Scooter
349,Coffee Maker
350,Cordless Vacuum
351,Treadmill
352,Wireless Headphones
353,Drone with Camera
354,Leather Handbag
355,Dumbbells Set
356,Noise Cancelling Earbuds
357,Hiking Backpack
358,Running Shoes
359,Noise Cancelling Headphones
360,Wireless Headphones
361,Wireless Headphones
362,Electric Kettle
363,VR Headset
364,Educational Robot
365,Board Game
366,Punching Bag
367,Desk Organizer
368,Noise Cancelling Earbuds
369,Action Figures
370,Foam Roller
371,Treadmill
372,Leather Wallet
373,Noise Cancelling Earbuds
374,Multi-Function Printer
375,Electric Kettle
376,Air Purifier
377,Mini Refrigerator
378,Dumbbells Set
379,Cordless Vacuum
380,Treadmill
381,Cotton T-shirt
382,Building Blocks Set
383,Fitness Band
384,Winter Gloves
385,Puzzle Cube
386,Educational Robot
387,Electric Kettle
388,Resistance Bands
389,Puzzle Cube
390,Smartwatch
391,Board Game
392,Skipping Rope
393,Smart Notebook
394,Winter Gloves
395,Remote Control Car
396,Electric Kettle
397,Webcam
398,Smart LED Bulb
399,Educational Robot
400,External Hard Drive
401,Dumbbells Set
402,Formal Watch
403,Portable Projector
404,Resistance Bands
405,Board Game
406,Mechanical Keyboard
407,Yoga Mat
408,Drone with Camera
409,Desk Organizer
410,Webcam
411,Punching Bag
412,Desk Organizer
413,Cotton T-shirt
414,Drone with Camera
415,Treadmill
416,Laptop Cooling Pad
417,4K Monitor
418,Bluetooth Speaker
419,Gaming Console
420,Gaming Console
421,Leather Handbag
422,Cycling Helmet
423,Baseball Cap
424,Board Game
425,Whiteboard Markers
426,Winter Gloves
427,Standing Desk
428,Bluetooth Speaker
429,Portable Charger
430,Smart LED Bulb
431,VR Headset
432,Robotic Vacuum
433,Remote Control Car
434,Smart Sunglasses
435,Leather Wallet
436,Instant Water Heater
437,Ergonomic Chair
438,Cotton T-shirt
439,Electric Kettle
440,Mechanical Keyboard
441,Electric Kettle
442,Wireless Headphones
443,Cycling Helmet
444,Running Shoes
445,Smartwatch
446,Building Blocks Set
447,Puzzle Cube
448,Noise Cancelling Earbuds
449,Smart Sunglasses
450,Coffee Maker
451,Smartwatch
452,Induction Cooktop
453,Whiteboard Markers
454,Punching Bag
455,Denim Jacket
456,Dumbbells Set
457,Mini Refrigerator
458,Sports Water Bottle
459,Standing Desk
460,Resistance Bands
461,Mini Refrigerator
462,Resistance Bands
463,Portable Charger
464,Smart LED Bulb
465,Portable Projector
466,Webcam
467,Noise Cancelling Headphones
468,Whiteboard Markers
469,Kids' Scooter
470,Foam Roller
471,Punching Bag
472,Winter Gloves
473,Formal Watch
474,Remote Control Car
475,Running Shoes
476,Laptop Cooling Pad
477,Baseball Cap
478,Educational Robot
479,Educational Robot
480,Robotic Vacuum
481,Microwave Oven
482,Treadmill
483,Kids' Scooter
484,4K Monitor
485,Coffee Maker
486,Yoga Mat
487,Microwave Oven
488,Microwave Oven
489,Cordless Vacuum
490,Portable Projector
491,Induction Cooktop
492,Whiteboard Markers
493,Educational Robot
494,Gaming Console
495,Cycling Helmet
496,Cycling Helmet
497,Hiking Backpack
498,Cordless Vacuum
499,Remote Control Car
500,Portable Projector
501,Gaming Mouse
502,Dumbbells Set
503,Running Shoes
504,Puzzle Cube
505,Ergonomic Chair
506,Noise Cancelling Headphones
507,Portable Charger
508,Air Purifier
509,Leather Wallet
510,Wireless Headphones
511,Building Blocks Set
512,Wireless Mouse
513,Running Shoes
514,Electric Kettle
515,Board Game
516,Drone with Camera
517,Gaming Mouse
518,Portable Projector
519,Bluetooth Speaker
520,Robotic Vacuum
521,Leather Wallet
522,Educational Robot
523,Noise Cancelling Earbuds
524,Leather Handbag
525,Cycling Helmet
526,Remote Control Car
527,Building Blocks Set
528,Bluetooth Speaker
529,Cycling Helmet
530,Winter Gloves
531,Remote Control Car
532,Ergonomic Chair
533,Smart Notebook
534,Smartwatch
535,Foam Roller
536,Whiteboard Markers
537,Denim Jacket
538,Desk Organizer
539,Noise Cancelling Earbuds
540,Microwave Oven
541,Punching Bag
542,Smartwatch
543,Multi-Function Printer
544,Webcam
545,Winter Gloves
546,Air Purifier
547,Bluetooth Speaker
548,Gaming Console
549,VR Headset
550,VR Headset
